# MIC and IC50 of 16 P. falciparum DHFR alleles against PYR assayed in E coli by Lozovsky et al 2009 https://doi.org/10.1073/pnas.0905922106. Data from table S1.,,,,,,
#  IC50 of 16 P vivax DHFR alleles against PYR assayed in S. cerevisiae by JIang et al 2013 DOI: 10.1007/s00239-013-9582-z Table S2. I converted the first data column from ln- to log10-transformed.,,,,,,
2,2,2,2,,,
N51I,C59R,S108N,I164L,Log[PYR IC50 of P. falciparum DHFR alleles assayed in E. coli],var(log(PYR IC50)),#Log[PYR IC50 of P. vivax DHFR alleles assayed in S. cerevisiae]
,,,,0.007356799,,
0,0,0,0,-0.579610173,0.021947874,0.096495439
0,0,0,1,-0.447169721,0.006944444,0.558766931
0,0,1,0,0.258868441,0.101523453,2.852749017
0,0,1,1,0.975520457,0.009874871,3.073656811
0,1,0,0,-0.55246526,0.029726516,1.346737712
0,1,0,1,0.675926513,0.026764692,2.017752272
0,1,1,0,1.575877088,0.000237064,2.881103492
0,1,1,1,2.011332526,0.000222073,3.219510526
1,0,0,0,2.166984971,0.000664728,2.03804869
1,0,0,1,0.860839831,0.002583097,2.478729018
1,0,1,0,-2,0,3.132897851
1,0,1,1,2.383508701,0.001223281,2.766842731
1,1,0,0,1.747710843,0.000954369,2.007973481
1,1,0,1,1.754485866,0.00018358,1.927332887
1,1,1,0,2.289266335,0.002649415,3.278520982
1,1,1,1,2.476986009,0.000617857,3.466216416