#Mira et al 2015 https://doi.org/10.1371/journal.pone.0122283,,,,,,,,,,,,,,,,,,
#16 TEM alleles against 15 beta-lactams. ,,,,,,,,,,,,,,,,,,
#I built this from Yinghong's json file by interatively editing her JSONtoCSV.py code to pick out each column. Then I log10 transformed.,,,,,,,,,,,,,,,,,,
#The papr talks about variance measurements but I can't find them,,,,,,,,,,,,,,,,,,
2,2,2,2,,,,,,,,,,,,,,,
M69L,E104K,G238S,N276D,#Log[TEM beta-lactamase growth rate against CTX],#Log[MIC of E. coli TEM alleles against ZOX],#Log[ZTP],#Log[SAM],#Log[FEP],#Log[CTT],#Log[CXM],#Log[CRO],#Log[CPR],#Log[CPD],#Log[CEC],#Log[CAZ],Log[MIC of E. coli TEM alleles against ampicillin],#Log[AMC],#Log[AM]
0,0,0,0,-3.795880017,-3.002905136,-2.572000215,-2.726034623,-2.586700236,-2.672641066,-2.757582816,-2.961909818,-2.758619649,-3.225483034,-2.646212019,-2.6707716,-2.732632766,-2.843148099,-2.750190391
0,0,0,1,-4.07E+00,-3.09420412,-2.536729348,-2.596450546,-2.589785268,-2.716321868,-2.769551079,-3.542622298,-2.779456005,-3.610833916,-2.699875801,-2.575799237,-2.681588742,-2.803179348,-2.749173464
0,0,1,0,-2.713132111,-2.684204457,-2.614989816,-3.875062349,-2.620996871,-2.552196126,-2.684029655,-2.592750711,-2.753870874,-2.584331169,-2.667393309,-2.581975121,-2.710336814,-2.974352979,-2.690015091
0,0,1,1,-2.629394399,-2.571460269,-3.851295569,-4.03E+00,-2.54795782,-3.230992129,-2.712758289,-2.516888334,-2.74836178,-2.516769413,-2.577164031,-2.570651527,-2.61364963,-2.836639718,-2.756548452
0,1,0,0,-2.781639666,-2.770190217,-2.517483713,-2.609801169,-2.612610174,-2.482694156,-2.53165267,-2.540607512,-2.695186457,-2.754281831,-2.620543457,-2.690015091,-2.69375366,-2.776850231,-2.839131574
0,1,0,1,-3.861697302,-2.696803943,-2.480281315,-2.613203818,-2.551680235,-2.539478007,-2.662873726,-3.183206734,-2.688246139,-2.832436635,-2.733807594,-2.559747104,-2.658071116,-2.789146635,-2.811305733
0,1,1,0,-2.63921731,-2.670093877,-2.597308836,-4.08E+00,-2.576481016,-2.511214292,-2.534865154,-2.563572244,-2.690015091,-2.536107011,-2.651695137,-2.533997828,-2.691969446,-4.13E+00,-2.926587046
0,1,1,1,-2.644133541,-2.570516937,-3.846185136,-4.03E+00,-3.214077508,-2.45500232,-2.485230907,-3.360679889,-3.662540739,-2.509222475,-3.669247447,-3.600615328,-4.47E+00,-4.17E+00,-4.20E+00
1,0,0,0,-3.732828272,-2.956310454,-2.567164223,-2.658071116,-2.684729495,-2.489678494,-3.374173287,-3.080921908,-2.808735431,-3.364851151,-3.630474308,-3.540105649,-2.804100348,-2.848732222,-2.764471553
1,0,0,1,-3.853871964,-2.931505045,-2.602059991,-2.590066877,-2.6115732,-2.527853307,-2.801801363,-3.26760624,-3.592043436,-3.410795702,-3.765313182,-3.23970345,-2.664542099,-2.869398338,-2.697164276
1,0,1,0,-2.705717451,-2.722581734,-3.765313182,-2.63670154,-2.529197586,-2.540230684,-2.718777267,-2.498598369,-3.782516056,-2.576617632,-2.649428901,-2.794750422,-4.29E+00,-2.813184876,-2.744928523
1,0,1,1,-3.691792132,-3.166959402,-4.03E+00,-2.539728805,-2.57963162,-3.050609993,-2.56000973,-2.938359066,-3.655936028,-2.957621402,-4.03E+00,-2.860645846,-4.08E+00,-2.798602876,-2.697885623
1,1,0,0,-3.647817482,-2.952400799,-2.610243499,-2.601336712,-2.563042669,-3.262940211,-2.69375366,-2.851808701,-3.652669985,-3.195519811,-2.66756154,-2.580044252,-2.660383022,-2.861171098,-2.807804281
1,1,0,1,-4.04E+00,-2.956637722,-2.562381489,-2.522637489,-2.543128141,-2.497459132,-2.775337471,-3.124456648,-3.621298744,-3.006196648,-4.02E+00,-2.572405655,-2.634200072,-2.718020175,-2.648461294
1,1,1,0,-3.923843994,-2.957293392,-3.215263631,-2.597165727,-2.553488773,-2.495869094,-2.798375409,-2.562249437,-2.7421216,-3.016599262,-2.578396073,-2.53860158,-4.06E+00,-2.883835077,-2.752640578
1,1,1,1,-2.617682659,-2.58656058,-3.767428232,-2.461761541,-2.494510862,-2.594596774,-2.534121711,-2.491245853,-3.540105649,-2.485673701,-3.287490878,-2.591336126,-2.549622624,-2.762581944,-2.688952813