#OMaille et al 2008 doi:10.1038/nchembio.113,,,,,,,,,,,,
#Used GC-MS to assess output of each of 512 combinations of 9 missense mutations,,,,,,,,,,,,
#Product output expressed as a percentage of total ion chromatogram from GC-MS data. Composed of 5-epi- aristolochene (5-EA 2) and 4-epi-eremophilene (4-EE 4) and premnaspirodiene (PSD 3) and (MP) remaining minor products.,,,,,,,,,,,,
#For the CODEG paper Yinghong manually transcribed all the values from image in their SOM YUCK!,,,,,,,,,,,,
#Because many alleles were nonfunctional we used the subset 01***0***,,,,,,,,,,,,
2,2,2,2,2,2,,,,,,,
I372V,S402T,L406Y,T438I,L439I,I516V,#Percent production of minor products by sesquiterpene synthase mutants (paren causes my code to skip this column!),5-EA production by sesquiterpene synthase mutants,#Percent production of 4-EE by sesquiterpene synthase mutants,#Percent production of PSD by sesquiterpene synthase mutants,sum(H:J),sum(H:I),sum(I:J)
0,0,0,0,0,0,13.48,9.93,16.18,60.42,100.01,26.11,76.6
0,0,0,0,0,1,11.43,15.6,11.69,61.28,100,27.29,72.97
0,0,0,0,1,0,10.61,52.36,26.97,10.06,100,79.33,37.03
0,0,0,0,1,1,7.83,68.42,6.69,17.06,100,75.11,23.75
0,0,0,1,0,0,11.33,13.74,16.95,57.99,100.01,30.69,74.94
0,0,0,1,0,1,27.07,21.8,16.69,34.44,100,38.49,51.13
0,0,0,1,1,0,18.82,5.47,18.83,56.88,100,24.3,75.71
0,0,0,1,1,1,14.44,42.8,16.2,26.56,100,59,42.76
0,0,1,0,0,0,18.93,17.42,21.35,42.29,99.99,38.77,63.64
0,0,1,0,0,1,11.57,33.38,15.68,39.37,100,49.06,55.05
0,0,1,0,1,0,29.69,40.99,17.79,11.54,100.01,58.78,29.33
0,0,1,0,1,1,13.38,73.72,10.18,2.73,100.01,83.9,12.91
0,0,1,1,0,0,11.15,30.83,26.46,31.57,100.01,57.29,58.03
0,0,1,1,0,1,8.38,78.01,8.39,5.21,99.99,86.4,13.6
0,0,1,1,1,0,19.08,17.88,10.71,52.33,100,28.59,63.04
0,0,1,1,1,1,15.13,23.4,57.85,3.62,100,81.25,61.47
0,1,0,0,0,0,24.6,32.28,8.27,34.85,100,40.55,43.12
0,1,0,0,0,1,15.26,37.18,6.97,40.59,100,44.15,47.56
0,1,0,0,1,0,21.27,31.55,15.64,31.54,100,47.19,47.18
0,1,0,0,1,1,11.1,47.39,6.76,34.75,100,54.15,41.51
0,1,0,1,0,0,13.56,49.03,27.94,9.46,99.99,76.97,37.4
0,1,0,1,0,1,20.32,29.58,6.02,44.08,100,35.6,50.1
0,1,0,1,1,0,23.28,22.68,14.54,39.5,100,37.22,54.04
0,1,0,1,1,1,13.73,32.31,13,40.97,100.01,45.31,53.97
0,1,1,0,0,0,7.82,61.56,20.55,10.08,100.01,82.11,30.63
0,1,1,0,0,1,6.04,83.46,6.9,3.6,100,90.36,10.5
0,1,1,0,1,0,9.25,48.68,29.74,12.34,100.01,78.42,42.08
0,1,1,0,1,1,25.84,38.73,23.34,12.09,100,62.07,35.43
0,1,1,1,0,0,9.32,50.51,27.94,12.23,100,78.45,40.17
0,1,1,1,0,1,10.93,51.52,23.48,14.07,100,75,37.55
0,1,1,1,1,0,2.04,70.55,16.49,10.91,99.99,87.04,27.4
0,1,1,1,1,1,9.02,65.38,10.72,14.87,99.99,76.1,25.59
1,0,0,0,0,0,14.91,30.54,33.78,20.77,100,64.32,54.55
1,0,0,0,0,1,13.08,41.33,19.74,25.86,100.01,61.07,45.6
1,0,0,0,1,0,10.89,44.59,26.2,18.32,100,70.79,44.52
1,0,0,0,1,1,8.58,56.9,18.6,15.92,100,75.5,34.52
1,0,0,1,0,0,10.12,35.68,30.99,23.2,99.99,66.67,54.19
1,0,0,1,0,1,7.39,78.19,9.34,5.08,100,87.53,14.42
1,0,0,1,1,0,15.3,25.91,41.71,17.08,100,67.62,58.79
1,0,0,1,1,1,11.99,30.74,54.76,2.51,100,85.5,57.27
1,0,1,0,0,0,8.56,31.8,35.11,24.53,100,66.91,59.64
1,0,1,0,0,1,9.55,56.86,18.99,14.6,100,75.85,33.59
1,0,1,0,1,0,36.54,29.97,13.48,20.02,100.01,43.45,33.5
1,0,1,0,1,1,14.31,5.42,12.09,68.18,100,17.51,80.27
1,0,1,1,0,0,15.35,13.73,17.58,53.34,100,31.31,70.92
1,0,1,1,0,1,8.62,55.64,17.81,17.92,99.99,73.45,35.73
1,0,1,1,1,0,5.1,65.6,18.64,10.65,99.99,84.24,29.29
1,0,1,1,1,1,13.34,35.2,20.63,30.83,100,55.83,51.46
1,1,0,0,0,0,8.65,66.95,6.95,17.64,100.19,73.9,24.59
1,1,0,0,0,1,11.94,64.49,7.02,16.55,100,71.51,23.57
1,1,0,0,1,0,23.28,35.99,13.63,27.1,100,49.62,40.73
1,1,0,0,1,1,13.39,62.36,10.08,14.16,99.99,72.44,24.24
1,1,0,1,0,0,17.89,52.55,15.38,14.18,100,67.93,29.56
1,1,0,1,0,1,13.67,61.92,8.22,16.18,99.99,70.14,24.4
1,1,0,1,1,0,15.11,48.38,17.66,18.85,100,66.04,36.51
1,1,0,1,1,1,12.31,69.02,6.98,11.69,100,76,18.67
1,1,1,0,0,0,6.34,70.32,15.6,7.74,100,85.92,23.34
1,1,1,0,0,1,14.53,51.54,31.56,2.37,100,83.1,33.93
1,1,1,0,1,0,9.6,57.91,8.93,23.56,100,66.84,32.49
1,1,1,0,1,1,5.57,66.34,19.82,8.26,99.99,86.16,28.08
1,1,1,1,0,0,9.02,62.59,19.35,9.03,99.99,81.94,28.38
1,1,1,1,0,1,18.68,39.34,7.68,41.11,106.81,47.02,48.79
1,1,1,1,1,0,37.88,45.89,9.39,6.84,100,55.28,16.23
1,1,1,1,1,1,11.07,43.98,17.84,27.11,100,61.82,44.95