#Palmer et al 2015 10.1038/ncomms8385,,,,,,,
#They also report values for 30R but Walsh can't handle ternary loci so we arbitrarily drop those alleles,,,,,,,
#Derived here from Yinghong's JSON file. She recalculated mean and SD which is why we have more digits than do Palmer,,,,,,,
2,2,2,2,2,2,,
C-35T,P21L,A26T,L28R,G30W,I94L,Log[IC75 of E. coli DHFR alleles against trimethoprim],SD(IC75)
,,,,,,0.003271765,
0,0,0,0,0,0,1.01375,0.014130568
0,0,0,0,0,1,2.502666667,0.002214333
0,0,0,0,1,0,1.296333333,0.002234333
0,0,0,0,1,1,2.996,0.000172
0,0,0,1,0,0,2.886333333,0.000914333
0,0,0,1,0,1,2.723666667,0.000840333
0,0,0,1,1,0,2.852333333,0.004404333
0,0,0,1,1,1,-2,0
0,0,1,0,0,0,1.338666667,0.001044333
0,0,1,0,0,1,2.079,0.001332
0,0,1,0,1,0,2.055,0.002251
0,0,1,0,1,1,3.004666667,0.000404333
0,0,1,1,0,0,3.222666667,0.001308333
0,0,1,1,0,1,3.08,0.001533
0,0,1,1,1,0,3.107666667,0.001516333
0,0,1,1,1,1,0.755333333,0.061124333
0,1,0,0,0,0,1.76,0.000277
0,1,0,0,0,1,1.852333333,0.002837333
0,1,0,0,1,0,1.738,0.000399
0,1,0,0,1,1,2.587333333,0.001410333
0,1,0,1,0,0,2.198666667,0.028950333
0,1,0,1,0,1,0.751666667,0.002905333
0,1,0,1,1,0,0.225,0.002803
0,1,0,1,1,1,0.230666667,0.002841333
0,1,1,0,0,0,-2,0
0,1,1,0,0,1,2.392333333,0.002500333
0,1,1,0,1,0,2.191,0.035319
0,1,1,0,1,1,0.856666667,0.021620333
0,1,1,1,0,0,1.656666667,0.116120333
0,1,1,1,0,1,0.592666667,0.023412333
0,1,1,1,1,0,3.355333333,0.000161333
0,1,1,1,1,1,0.481333333,0.007632333
1,0,0,0,0,0,1.673666667,0.001416333
1,0,0,0,0,1,2.587666667,0.002120333
1,0,0,0,1,0,2.741666667,0.003844333
1,0,0,0,1,1,3.112666667,0.001710333
1,0,0,1,0,0,2.965333333,0.000250333
1,0,0,1,0,1,3.313666667,0.000361333
1,0,0,1,1,0,3.352333333,0.000177333
1,0,0,1,1,1,3.311333333,1.23E-05
1,0,1,0,0,0,2.178333333,0.000382333
1,0,1,0,0,1,3.081333333,8.03E-05
1,0,1,0,1,0,3.116333333,0.001344333
1,0,1,0,1,1,3.344333333,9.33E-06
1,0,1,1,0,0,3.373333333,0.000240333
1,0,1,1,0,1,3.358,1.90E-05
1,0,1,1,1,0,3.353333333,5.43E-05
1,0,1,1,1,1,3.356333333,3.73E-05
1,1,0,0,0,0,2.414,0.001729
1,1,0,0,0,1,3.014,0.000637
1,1,0,0,1,0,2.886666667,0.001008333
1,1,0,0,1,1,3.248666667,4.43E-05
1,1,0,1,0,0,3.103333333,0.000212333
1,1,0,1,0,1,-2,0
1,1,0,1,1,0,3.217333333,7.63E-05
1,1,0,1,1,1,3.190333333,0.000137333
1,1,1,0,0,0,2.941,0.001396
1,1,1,0,0,1,3.258666667,0.000190333
1,1,1,0,1,0,3.253666667,0.000212333
1,1,1,0,1,1,3.343333333,9.03E-05
1,1,1,1,0,0,3.356333333,4.23E-05
1,1,1,1,0,1,3.326,0.000364
1,1,1,1,1,0,3.135,0.001008
1,1,1,1,1,1,2.742666667,8.93E-05